{
    "texture": "base/hud/adiframe",
    "vertex": [
        [1.000000, -1.000000, 0.000000],
        [-1.000000, 1.000000, 0.000000],
        [-1.000000, -1.000000, 0.000000],
        [1.000000, -1.000000, 0.000000],
        [1.000000, 1.000000, 0.000000],
        [-1.000000, 1.000000, 0.000000]
    ],
    "texcoord": [
        [1.000000, 1.000000],
        [0.000000, 0.000000],
        [0.000000, 1.000000],
        [1.000000, 1.000000],
        [1.000000, 0.000000],
        [0.000000, 0.000000]
    ]
}
