{
    "texture": "base/ui/drawvector",
    "vertex": [
        [0.100000, 0.100000, 0.000000],
        [-0.100000, -0.100000, 0.000000],
        [-0.100000, 0.100000, 0.000000],
        [-0.100000, -0.100000, 0.000000],
        [0.100000, -0.100000, 0.000000],
        [0.000000, 0.000000, 1.000000],
        [0.100000, 0.100000, 0.000000],
        [-0.100000, 0.100000, 0.000000],
        [0.000000, 0.000000, 1.000000],
        [0.100000, -0.100000, 0.000000],
        [0.100000, 0.100000, 0.000000],
        [0.000000, 0.000000, 1.000000],
        [-0.100000, 0.100000, 0.000000],
        [-0.100000, -0.100000, 0.000000],
        [0.000000, 0.000000, 1.000000],
        [0.100000, 0.100000, 0.000000],
        [0.100000, -0.100000, 0.000000],
        [-0.100000, -0.100000, 0.000000]
    ],
    "texcoord": [
        [0.000000, 0.000000],
        [1.000000, 1.000000],
        [0.000000, 1.000000],
        [1.000000, 1.000000],
        [1.000000, 0.000000],
        [0.500000, 0.499999],
        [0.000000, 0.000000],
        [0.000000, 1.000000],
        [0.500000, 0.499999],
        [1.000000, 0.000000],
        [0.000000, 0.000000],
        [0.500000, 0.499999],
        [0.000000, 1.000000],
        [1.000000, 1.000000],
        [0.500000, 0.499999],
        [0.000000, 0.000000],
        [1.000000, 0.000000],
        [1.000000, 1.000000]
    ]
}
